2/1;4: 1 2 3 6;4 (1 2 3 6)
2/3;2: 2 6;2 (2 6)
2/5;2: 3 15;2 (3 15)
2/7;2: 4 28;2 (4 28)
2/9;2: 5 45;2 (6 18)
2/11;2: 6 66;2 (6 66)
2/13;2: 7 91;2 (7 91)
2/15;2: 8 120;2 (10 30)
2/17;2: 9 153;2 (9 153)
2/19;2: 10 190;2 (10 190)
2/21;2: 11 231;2 (14 42)
2/23;2: 12 276;2 (12 276)
2/25;2: 13 325;2 (15 75)
2/27;2: 15 135;2 (18 54)
2/29;4: 20 116 145 290;2 (15 435)
2/31;3: 18 186 279;2 (16 496)
2/33;2: 18 198;2 (22 66)
2/35;2: 20 140;2 (21 105)
2/37;3: 24 111 296;2 (19 703)
2/39;2: 21 273;2 (26 78)
2/41;3: 24 246 328;2 (21 861)
2/43;4: 42 86 129 301;2 (22 946)
2/45;2: 24 360;2 (30 90)
2/47;4: 40 94 235 376;2 (24 1128)
2/49;2: 28 196;2 (28 196)
3/1;13: 1 2 3 4 5 6 7 8 9 10 18 80 336;13 (1 2 3 4 5 6 8 9 10 15 18 20 24)
3/2;2: 1 2;2 (1 2)
3/4;2: 2 4;2 (2 4)
3/5;2: 2 10;2 (2 10)
3/7;3: 3 11 231;3 (4 7 28)
3/8;2: 3 24;2 (4 8)
3/10;2: 4 20;2 (5 10)
3/11;2: 4 44;2 (4 44)
3/13;3: 5 39 195;3 (6 26 39)
3/14;2: 5 70;2 (7 14)
3/16;2: 6 48;2 (8 16)
3/17;2: 6 102;2 (6 102)
3/19;3: 7 91 247;3 (8 38 152)
3/20;2: 7 140;2 (10 20)
3/22;2: 8 88;2 (11 22)
3/23;2: 8 184;2 (8 184)
3/25;3: 9 175 315;2 (10 50)
3/26;2: 9 234;2 (13 26)
3/28;2: 10 140;2 (14 28)
3/29;2: 10 290;2 (10 290)
3/31;3: 12 93 372;3 (12 124 186)
3/32;2: 11 352;2 (16 32)
3/34;2: 12 204;2 (17 34)
3/35;3: 13 175 325;2 (14 70)
3/37;4: 14 280 296 370;3 (15 111 185)
3/38;2: 14 133;2 (19 38)
3/40;2: 14 280;2 (20 40)
3/41;5: 18 164 246 252 287;2 (14 574)
3/43;5: 24 86 129 172 344;3 (18 86 387)
3/44;2: 16 176;2 (22 44)
3/46;2: 16 368;2 (23 46)
3/47;5: 24 94 188 282 376;2 (16 752)
3/49;3: 20 140 245;3 (28 49 196)
3/50;2: 18 225;2 (25 50)
4/3;2: 1 3;2 (1 3)
4/5;3: 2 4 20;3 (2 5 10)
4/7;2: 2 14;2 (2 14)
4/9;2: 3 9;2 (3 9)
4/11;2: 3 33;2 (3 33)
4/13;3: 4 20 130;3 (4 26 52)
4/15;2: 4 60;2 (5 15)
4/17;3: 5 34 170;3 (6 17 102)
4/19;2: 5 95;2 (5 95)
4/21;2: 6 42;2 (7 21)
4/23;2: 6 138;2 (6 138)
4/25;3: 7 70 350;3 (10 25 50)
4/27;2: 7 189;2 (9 27)
4/29;3: 8 116 232;3 (8 116 232)
4/31;2: 8 248;2 (8 248)
4/33;2: 9 99;2 (11 33)
4/35;2: 9 315;2 (10 70)
4/37;3: 10 185 370;3 (10 185 370)
4/39;4: 11 195 286 330;2 (13 39)
4/41;3: 12 123 164;3 (12 123 164)
4/43;3: 12 172 258;2 (11 473)
4/45;2: 12 180;2 (15 45)
4/47;3: 14 94 329;2 (12 564)
4/49;2: 14 98;2 (14 98)
5/2;7: 1 2 3 4 5 6 20;7 (1 2 3 4 5 6 20)
5/3;3: 1 2 6;3 (1 2 6)
5/4;2: 1 4;2 (1 4)
5/6;2: 2 3;2 (2 3)
5/7;3: 2 5 70;3 (2 7 14)
5/8;2: 2 8;2 (2 8)
5/9;2: 2 18;2 (2 18)
5/11;3: 3 9 99;3 (3 11 33)
5/12;2: 3 12;2 (4 6)
5/13;3: 3 21 273;3 (3 26 78)
5/14;2: 3 42;2 (3 42)
5/16;2: 4 16;2 (4 16)
5/17;3: 4 28 119;3 (4 34 68)
5/18;2: 4 36;2 (6 9)
5/19;2: 4 76;2 (4 76)
5/21;3: 5 30 210;2 (6 14)
5/22;3: 5 44 220;3 (6 22 66)
5/23;3: 5 69 345;3 (6 23 138)
5/24;2: 5 120;2 (8 12)
5/26;2: 6 39;2 (6 39)
5/27;2: 6 54;2 (6 54)
5/28;2: 6 84;2 (7 28)
5/29;2: 6 174;2 (6 174)
5/31;4: 7 124 140 310;3 (8 31 248)
5/32;3: 7 96 336;2 (8 32)
5/33;3: 7 176 336;3 (12 22 44)
5/34;2: 7 238;2 (7 238)
5/36;2: 8 72;2 (12 18)
5/37;3: 8 148 296;3 (8 148 296)
5/38;2: 8 152;2 (8 152)
5/39;2: 8 312;2 (8 312)
5/41;3: 9 123 369;3 (9 123 369)
5/42;2: 9 126;2 (14 21)
5/43;3: 10 86 215;3 (10 86 215)
5/44;3: 10 100 275;2 (11 44)
5/46;2: 10 115;2 (10 115)
5/47;4: 12 94 141 188;3 (10 235 470)
5/48;2: 10 240;2 (16 24)
5/49;3: 11 147 231;2 (10 490)
6/5;2: 1 5;2 (1 5)
6/7;3: 2 3 42;3 (2 3 42)
6/11;2: 2 22;2 (2 22)
6/13;3: 3 8 312;3 (3 8 312)
6/17;2: 3 51;2 (3 51)
6/19;3: 4 16 304;3 (4 19 76)
6/23;2: 4 92;2 (4 92)
6/25;2: 5 25;2 (5 25)
6/29;2: 5 145;2 (5 145)
6/31;3: 6 62 93;3 (6 62 93)
6/35;2: 6 210;2 (7 35)
6/37;4: 7 140 148 185;3 (8 27 7992)
6/41;2: 7 287;2 (7 287)
6/43;3: 8 86 344;3 (8 86 344)
6/47;2: 8 376;2 (8 376)
6/49;3: 9 126 294;3 (14 21 294)
7/3;6: 1 2 3 4 5 20;6 (1 2 3 4 6 12)
7/4;3: 1 2 4;3 (1 2 4)
7/5;3: 1 3 15;3 (1 3 15)
7/6;2: 1 6;2 (1 6)
7/8;3: 2 3 24;3 (2 4 8)
7/9;3: 2 4 36;3 (2 6 9)
7/10;2: 2 5;2 (2 5)
7/11;3: 2 8 88;3 (2 11 22)
7/12;2: 2 12;2 (3 4)
7/13;2: 2 26;2 (2 26)
7/15;3: 3 8 120;3 (5 6 10)
7/16;3: 3 10 240;3 (4 8 16)
7/17;4: 3 14 231 374;3 (3 17 51)
7/18;2: 3 18;2 (3 18)
7/19;3: 3 33 209;3 (3 38 114)
7/20;2: 3 60;2 (4 10)
7/22;3: 4 16 176;3 (4 22 44)
7/23;3: 4 20 230;3 (4 23 92)
7/24;2: 4 24;2 (6 8)
7/25;3: 4 40 200;3 (5 15 75)
7/26;2: 4 52;2 (4 52)
7/27;2: 4 108;2 (4 108)
7/29;3: 5 29 145;3 (5 29 145)
7/30;2: 5 30;2 (6 15)
7/31;3: 5 45 279;3 (6 18 279)
7/32;3: 5 64 320;3 (8 16 32)
7/33;3: 5 110 330;2 (6 22)
7/34;2: 5 170;2 (5 170)
7/36;2: 6 36;2 (9 12)
7/37;3: 6 74 111;3 (6 74 111)
7/38;2: 6 57;2 (6 57)
7/39;2: 6 78;2 (6 78)
7/40;2: 6 120;2 (8 20)
7/41;2: 6 246;2 (6 246)
7/43;5: 7 129 168 301 344;3 (10 16 3440)
7/44;3: 7 77 308;3 (12 22 33)
7/45;3: 7 105 315;2 (10 18)
7/46;3: 7 161 322;3 (10 23 115)
7/47;3: 8 47 376;3 (8 47 376)
7/48;2: 7 336;2 (12 16)
7/50;3: 8 88 275;2 (10 25)
8/3;9: 1 2 3 4 5 6 7 15 140;9 (1 2 3 4 5 6 10 15 20)
8/5;3: 1 2 10;3 (1 2 10)
8/7;2: 1 7;2 (1 7)
8/9;3: 2 3 18;3 (2 3 18)
8/11;4: 2 5 44 220;4 (2 6 22 66)
8/13;3: 2 9 234;3 (2 13 26)
8/15;2: 2 30;2 (3 5)
8/17;4: 3 8 120 255;4 (3 15 17 85)
8/19;3: 3 12 228;3 (4 6 228)
8/21;2: 3 21;2 (3 21)
8/23;2: 3 69;2 (3 69)
8/25;3: 4 15 300;3 (5 10 50)
8/27;3: 4 24 216;3 (6 9 54)
8/29;3: 4 44 319;3 (4 58 116)
8/31;2: 4 124;2 (4 124)
8/33;3: 5 30 110;3 (6 22 33)
8/35;2: 5 35;2 (5 35)
8/37;3: 5 74 370;3 (5 74 370)
8/39;2: 5 195;2 (6 26)
8/41;3: 6 41 246;3 (6 41 246)
8/43;3: 6 86 129;3 (6 86 129)
8/45;2: 6 90;2 (9 15)
8/47;2: 6 282;2 (6 282)
8/49;2: 7 49;2 (7 49)
9/4;5: 1 2 3 4 6;5 (1 2 3 4 6)
9/5;4: 1 2 4 20;4 (1 2 5 10)
9/7;3: 1 4 28;3 (1 4 28)
9/8;2: 1 8;2 (1 8)
9/10;3: 2 3 15;3 (2 3 15)
9/11;4: 2 4 16 176;4 (2 4 22 44)
9/13;3: 2 6 39;3 (2 6 39)
9/14;2: 2 7;2 (2 7)
9/16;2: 2 16;2 (2 16)
9/17;2: 2 34;2 (2 34)
9/19;4: 3 8 114 152;4 (4 5 76 95)
9/20;3: 3 9 180;2 (4 5)
9/22;3: 3 14 231;3 (3 22 33)
9/23;4: 3 20 230 276;3 (3 23 69)
9/25;3: 3 42 350;3 (4 10 100)
9/26;2: 3 78;2 (3 78)
9/28;2: 4 14;2 (4 14)
9/29;4: 4 20 145 290;3 (6 7 1218)
9/31;3: 4 28 217;3 (4 31 124)
9/32;2: 4 32;2 (4 32)
9/34;2: 4 68;2 (4 68)
9/35;2: 4 140;2 (4 140)
9/37;4: 5 30 185 222;3 (7 10 2590)
9/38;3: 5 30 285;3 (6 19 57)
9/40;2: 5 40;2 (8 10)
9/41;4: 5 120 123 328;3 (6 19 4674)
9/43;5: 6 42 86 258 301;3 (5 129 645)
9/44;2: 5 220;2 (5 220)
9/46;3: 6 39 299;3 (6 46 138)
9/47;3: 6 47 282;3 (6 47 282)
9/49;3: 6 84 196;3 (6 98 147)
9/50;2: 6 75;2 (6 75)
10/7;4: 1 3 11 231;4 (1 4 7 28)
10/9;2: 1 9;2 (1 9)
10/11;4: 2 3 14 231;4 (2 3 22 33)
10/13;3: 2 4 52;3 (2 4 52)
10/17;3: 2 12 204;3 (2 17 34)
10/19;2: 2 38;2 (2 38)
10/21;2: 3 7;2 (3 7)
10/23;4: 3 11 161 231;3 (3 10 690)
10/27;2: 3 27;2 (3 27)
10/29;2: 3 87;2 (3 87)
10/31;4: 4 15 310 372;3 (4 14 868)
10/33;3: 4 20 330;3 (6 11 22)
10/37;3: 4 74 148;3 (4 74 148)
10/39;2: 4 156;2 (4 156)
10/41;5: 5 41 120 123 328;3 (6 13 3198)
10/43;4: 5 40 215 344;4 (8 10 215 344)
10/47;6: 6 42 94 168 329 376;3 (5 94 470)
10/49;2: 5 245;2 (5 245)
11/4;10: 1 2 3 4 5 6 7 8 35 280;10 (1 2 3 4 5 6 10 12 15 20)
11/5;6: 1 2 3 4 9 180;5 (1 2 3 5 6)
11/6;3: 1 2 3;3 (1 2 3)
11/7;3: 1 2 14;3 (1 2 14)
11/8;3: 1 3 24;3 (1 4 8)
11/9;3: 1 5 45;3 (1 6 18)
11/10;2: 1 10;2 (1 10)
11/12;3: 2 3 12;3 (2 4 6)
11/13;3: 2 3 78;3 (2 3 78)
11/14;3: 2 4 28;3 (2 4 28)
11/15;3: 2 5 30;3 (2 6 15)
11/16;3: 2 6 48;3 (2 8 16)
11/17;3: 2 7 238;3 (2 7 238)
11/18;2: 2 9;2 (2 9)
11/19;3: 2 14 133;3 (2 19 38)
11/20;2: 2 20;2 (2 20)
11/21;2: 2 42;2 (2 42)
11/23;4: 3 8 69 184;3 (3 7 483)
11/24;2: 3 8;2 (3 8)
11/25;3: 3 10 150;3 (3 15 25)
11/26;3: 3 12 156;3 (3 13 78)
11/27;3: 3 15 135;3 (3 18 54)
11/28;3: 3 18 252;2 (4 7)
11/29;3: 3 24 232;3 (3 29 87)
11/30;2: 3 30;2 (5 6)
11/31;3: 3 62 186;3 (3 62 186)
11/32;2: 3 96;2 (3 96)
11/34;4: 4 15 255 340;3 (4 17 68)
11/35;4: 4 18 168 360;3 (7 10 14)
11/36;2: 4 18;2 (4 18)
11/37;5: 4 28 185 315 333;4 (4 37 74 148)
11/38;3: 4 28 266;3 (4 38 76)
11/39;3: 4 36 234;3 (6 13 26)
11/40;2: 4 40;2 (4 40)
11/41;3: 4 82 164;3 (4 82 164)
11/42;2: 4 84;2 (4 84)
11/43;2: 4 172;2 (4 172)
11/45;3: 5 24 360;3 (9 12 20)
11/46;4: 5 35 161 230;3 (6 14 966)
11/47;6: 5 94 120 141 188 376;3 (6 15 1410)
11/48;3: 5 40 240;2 (6 16)
11/49;3: 5 49 245;3 (7 14 98)
11/50;2: 5 50;2 (5 50)
12/5;7: 1 2 3 4 5 9 180;7 (1 2 3 4 6 12 15)
12/7;4: 1 2 5 70;4 (1 2 7 14)
12/11;2: 1 11;2 (1 11)
12/13;4: 2 3 12 156;4 (2 3 13 78)
12/17;3: 2 5 170;3 (2 5 170)
12/19;3: 2 8 152;3 (2 8 152)
12/23;2: 2 46;2 (2 46)
12/25;4: 3 8 60 200;4 (5 6 10 75)
12/29;6: 3 16 144 232 261 348;4 (4 8 29 232)
12/31;4: 3 22 186 341;4 (3 31 62 186)
12/35;2: 3 105;2 (5 7)
12/37;5: 4 18 84 259 333;4 (4 15 185 444)
12/41;4: 4 36 82 369;3 (6 8 984)
12/43;3: 4 43 172;3 (4 43 172)
12/47;2: 4 188;2 (4 188)
12/49;4: 5 28 196 245;3 (6 14 147)
13/5;8: 1 2 3 4 5 6 7 140;8 (1 2 3 4 5 6 12 15)
13/6;5: 1 2 3 4 12;5 (1 2 3 4 12)
13/7;4: 1 2 3 42;4 (1 2 3 42)
13/8;3: 1 2 8;3 (1 2 8)
13/9;3: 1 3 9;3 (1 3 9)
13/10;3: 1 4 20;3 (1 5 10)
13/11;3: 1 6 66;3 (1 6 66)
13/12;2: 1 12;2 (1 12)
13/14;4: 2 3 11 231;4 (2 4 7 28)
13/15;3: 2 3 30;3 (2 5 6)
13/16;3: 2 4 16;3 (2 4 16)
13/17;3: 2 4 68;3 (2 4 68)
13/18;3: 2 5 45;3 (2 6 18)
13/19;3: 2 6 57;3 (2 6 57)
13/20;3: 2 7 140;3 (3 4 15)
13/21;3: 2 9 126;3 (2 14 21)
13/22;2: 2 11;2 (2 11)
13/23;3: 2 16 368;3 (2 23 46)
13/24;2: 2 24;2 (2 24)
13/25;2: 2 50;2 (2 50)
13/27;3: 3 7 189;3 (3 9 27)
13/28;3: 3 8 168;3 (4 7 14)
13/29;3: 3 9 261;3 (3 9 261)
13/30;2: 3 10;2 (3 10)
13/31;3: 3 12 372;3 (4 6 372)
13/32;3: 3 15 160;3 (4 8 32)
13/33;3: 3 18 198;3 (3 22 66)
13/34;3: 3 24 136;3 (3 34 51)
13/35;3: 3 30 210;3 (5 10 14)
13/36;2: 3 36;2 (4 9)
13/37;3: 3 74 222;3 (3 74 222)
13/38;2: 3 114;2 (3 114)
13/40;3: 4 14 280;2 (5 8)
13/41;5: 4 18 246 252 287;3 (4 15 2460)
13/42;3: 4 18 252;2 (6 7)
13/43;4: 4 24 129 344;3 (5 10 430)
13/44;2: 4 22;2 (4 22)
13/45;3: 4 28 315;3 (6 15 18)
13/46;3: 4 36 207;3 (4 46 92)
13/47;3: 4 47 188;3 (4 47 188)
13/48;2: 4 48;2 (4 48)
13/49;3: 4 84 294;3 (4 98 196)
13/50;2: 4 100;2 (4 100)
14/5;11: 1 2 3 4 5 6 7 8 14 126 360;10 (1 2 3 4 5 6 9 10 12 18)
14/9;3: 1 2 18;3 (1 2 18)
14/11;3: 1 4 44;3 (1 4 44)
14/13;2: 1 13;2 (1 13)
14/15;3: 2 3 10;3 (2 3 10)
14/17;5: 2 4 15 255 340;4 (2 4 17 68)
14/19;4: 2 5 30 285;4 (2 6 19 57)
14/23;3: 2 10 115;3 (2 10 115)
14/25;3: 2 18 225;3 (2 25 50)
14/27;2: 2 54;2 (2 54)
14/29;5: 3 8 58 232 348;4 (3 9 29 261)
14/31;6: 3 10 155 180 279 372;3 (4 5 620)
14/33;2: 3 11;2 (3 11)
14/37;3: 3 24 296;3 (4 8 296)
14/39;2: 3 39;2 (3 39)
14/41;2: 3 123;2 (3 123)
14/43;8: 4 18 252 258 301 315 344 360;3 (5 8 1720)
14/45;3: 4 18 180;2 (5 9)
14/47;4: 4 24 282 376;3 (4 21 3948)
15/7;6: 1 2 3 4 18 252;5 (1 2 3 6 7)
15/8;4: 1 2 3 24;4 (1 2 4 8)
15/11;3: 1 3 33;3 (1 3 33)
15/13;3: 1 7 91;3 (1 7 91)
15/14;2: 1 14;2 (1 14)
15/16;4: 2 3 10 240;4 (2 4 8 16)
15/17;4: 2 3 24 136;4 (2 3 34 51)
15/19;4: 2 4 28 266;4 (2 4 38 76)
15/22;3: 2 6 66;3 (2 6 66)
15/23;4: 2 7 161 322;4 (2 10 23 115)
15/26;2: 2 13;2 (2 13)
15/28;2: 2 28;2 (2 28)
15/29;2: 2 58;2 (2 58)
15/31;5: 3 8 62 186 248;4 (3 7 186 434)
15/32;3: 3 8 96;3 (3 8 96)
15/34;4: 3 10 204 340;4 (3 17 34 51)
15/37;3: 3 15 185;3 (3 15 185)
15/38;3: 3 18 171;3 (3 19 114)
15/41;3: 3 41 123;3 (3 41 123)
15/43;3: 3 86 258;3 (3 86 258)
15/44;2: 3 132;2 (4 11)
15/46;4: 4 16 92 368;3 (5 8 920)
15/47;6: 4 20 141 210 235 329;4 (4 16 188 752)
15/49;4: 4 21 196 294;3 (4 28 49)
16/7;6: 1 2 3 4 6 28;6 (1 2 3 4 6 28)
16/9;4: 1 2 4 36;4 (1 2 6 9)
16/11;4: 1 3 9 99;4 (1 3 11 33)
16/13;4: 1 5 39 195;4 (1 6 26 39)
16/15;2: 1 15;2 (1 15)
16/17;5: 2 3 10 204 340;5 (2 3 17 34 51)
16/19;3: 2 3 114;3 (2 3 114)
16/21;3: 2 4 84;3 (2 4 84)
16/23;4: 2 6 39 299;4 (2 6 46 138)
16/25;4: 2 8 88 275;3 (2 10 25)
16/27;3: 2 12 108;3 (2 18 27)
16/29;4: 2 24 174 232;3 (2 29 58)
16/31;2: 2 62;2 (2 62)
16/33;4: 3 7 176 336;4 (4 6 22 44)
16/35;4: 3 9 105 315;3 (3 10 42)
16/37;4: 3 11 231 259;4 (4 6 111 148)
16/39;2: 3 13;2 (3 13)
16/41;4: 3 24 82 328;3 (3 18 738)
16/43;4: 3 42 86 301;3 (3 26 3354)
16/45;2: 3 45;2 (3 45)
16/47;2: 3 141;2 (3 141)
16/49;3: 4 14 196;3 (4 14 196)
17/6;11: 1 2 3 4 5 6 7 8 10 80 336;11 (1 2 3 4 5 6 9 10 15 18 20)
17/7;8: 1 2 3 4 5 8 60 280;7 (1 2 3 4 6 7 28)
17/8;5: 1 2 3 4 24;5 (1 2 3 6 8)
17/9;4: 1 2 3 18;4 (1 2 3 18)
17/10;3: 1 2 5;3 (1 2 5)
17/11;3: 1 2 22;3 (1 2 22)
17/12;3: 1 3 12;3 (1 4 6)
17/13;4: 1 4 20 130;4 (1 4 26 52)
17/14;3: 1 5 70;3 (1 7 14)
17/15;3: 1 8 120;3 (1 12 20)
17/16;2: 1 16;2 (1 16)
17/18;3: 2 3 9;3 (2 3 9)
17/19;4: 2 3 18 171;4 (2 3 19 114)
17/20;3: 2 3 60;3 (2 4 10)
17/21;4: 2 4 18 252;3 (2 6 7)
17/22;3: 2 4 44;3 (2 4 44)
17/23;5: 2 5 35 161 230;4 (2 6 14 966)
17/24;3: 2 5 120;3 (3 4 8)
17/25;3: 2 6 75;3 (2 6 75)
17/26;3: 2 7 91;3 (2 7 91)
17/27;3: 2 8 216;3 (2 9 54)
17/28;3: 2 10 140;3 (2 14 28)
17/29;3: 2 12 348;3 (3 4 348)
17/30;2: 2 15;2 (2 15)
17/31;3: 2 22 341;3 (2 31 62)
17/32;2: 2 32;2 (2 32)
17/33;2: 2 66;2 (2 66)
17/35;3: 3 7 105;3 (4 5 28)
17/36;3: 3 8 72;3 (4 6 18)
17/37;5: 3 9 148 180 370;3 (3 8 888)
17/38;3: 3 9 342;3 (3 9 342)
17/39;5: 3 11 195 286 330;3 (3 13 39)
17/40;3: 3 12 120;3 (5 8 10)
17/41;6: 3 15 164 328 360 369;4 (3 15 82 410)
17/42;2: 3 14;2 (3 14)
17/43;5: 3 24 86 172 344;4 (3 18 258 387)
17/44;3: 3 20 330;3 (4 11 22)
17/45;3: 3 24 360;3 (6 9 10)
17/46;3: 3 30 345;3 (3 46 69)
17/47;3: 3 47 141;3 (3 47 141)
17/48;2: 3 48;2 (3 48)
17/49;3: 3 98 294;3 (5 7 245)
17/50;2: 3 150;2 (3 150)
18/7;9: 1 2 3 4 5 6 9 140 315;8 (1 2 3 4 5 6 14 20)
18/11;4: 1 2 8 88;4 (1 2 11 22)
18/13;4: 1 3 21 273;4 (1 3 26 78)
18/17;2: 1 17;2 (1 17)
18/19;4: 2 3 9 342;4 (2 3 9 342)
18/23;4: 2 4 36 207;4 (2 4 46 92)
18/25;3: 2 5 50;3 (2 5 50)
18/29;4: 2 9 174 261;4 (2 9 174 261)
18/31;4: 2 15 93 310;4 (2 15 93 310)
18/35;2: 2 70;2 (2 70)
18/37;6: 3 8 60 185 296 370;4 (3 7 111 777)
18/41;5: 3 12 82 164 246;4 (3 10 246 615)
18/43;7: 3 18 86 129 215 344 360;3 (4 6 516)
18/47;4: 3 24 188 376;4 (4 8 188 376)
18/49;3: 3 42 98;3 (3 42 98)
19/7;10: 1 2 3 4 5 6 7 9 140 315;9 (1 2 3 4 5 6 7 14 20)
19/8;7: 1 2 3 4 5 12 120;6 (1 2 3 4 6 8)
19/9;5: 1 2 3 4 36;5 (1 2 3 6 9)
19/10;4: 1 2 3 15;4 (1 2 3 15)
19/11;5: 1 2 5 44 220;5 (1 2 6 22 66)
19/12;3: 1 2 12;3 (1 3 4)
19/13;4: 1 3 8 312;4 (1 3 8 312)
19/14;3: 1 3 42;3 (1 3 42)
19/15;3: 1 4 60;3 (1 6 10)
19/16;3: 1 6 48;3 (1 8 16)
19/17;3: 1 9 153;3 (1 9 153)
19/18;2: 1 18;2 (1 18)
19/20;4: 2 3 9 180;3 (2 4 5)
19/21;3: 2 3 14;3 (2 3 14)
19/22;3: 2 3 33;3 (2 3 33)
19/23;5: 2 4 16 92 368;4 (2 5 8 920)
19/24;3: 2 4 24;3 (2 6 8)
19/25;3: 2 4 100;3 (2 4 100)
19/26;4: 2 5 39 195;4 (2 6 26 39)
19/27;3: 2 5 270;3 (2 6 27)
19/28;3: 2 6 84;3 (2 7 28)
19/29;5: 2 8 44 232 319;4 (2 7 91 754)
19/30;3: 2 8 120;3 (3 5 10)
19/31;5: 2 12 62 93 372;3 (2 9 558)
19/32;3: 2 11 352;3 (2 16 32)
19/33;3: 2 14 231;3 (2 22 33)
19/34;2: 2 17;2 (2 17)
19/35;3: 2 25 350;3 (3 7 15)
19/36;2: 2 36;2 (2 36)
19/37;2: 2 74;2 (2 74)
19/39;3: 3 7 91;3 (3 7 91)
19/40;3: 3 8 60;3 (4 8 10)
19/41;5: 3 9 82 246 369;4 (3 8 328 492)
19/42;3: 3 9 126;3 (3 14 21)
19/43;4: 3 10 215 258;4 (3 10 215 258)
19/44;3: 3 11 132;3 (4 6 66)
19/45;3: 3 12 180;3 (5 6 18)
19/46;4: 3 14 231 253;4 (3 23 46 69)
19/47;3: 3 15 235;3 (3 15 235)
19/48;2: 3 16;2 (3 16)
19/49;3: 3 21 147;3 (3 21 147)
19/50;3: 3 24 200;3 (5 6 75)
20/7;11: 1 2 3 4 5 6 7 8 9 40 315;11 (1 2 3 4 5 6 7 10 15 20 21)
20/9;6: 1 2 3 4 8 72;6 (1 2 3 4 12 18)
20/11;5: 1 2 4 16 176;5 (1 2 4 22 44)
20/13;3: 1 2 26;3 (1 2 26)
20/17;3: 1 6 102;3 (1 6 102)
20/19;2: 1 19;2 (1 19)
20/21;4: 2 3 9 126;4 (2 3 14 21)
20/23;4: 2 3 30 345;4 (2 3 46 69)
20/27;4: 2 5 27 270;4 (2 6 18 54)
20/29;4: 2 6 58 174;4 (2 6 58 174)
20/31;4: 2 8 62 248;3 (2 7 434)
20/33;3: 2 10 165;3 (3 4 44)
20/37;4: 2 30 222 370;3 (2 37 74)
20/39;2: 2 78;2 (2 78)
20/41;4: 3 7 123 287;4 (3 7 123 287)
20/43;4: 3 8 258 344;4 (3 8 258 344)
20/47;4: 3 12 188 282;4 (3 15 47 235)
20/49;3: 3 14 294;3 (3 14 294)
21/8;9: 1 2 3 4 5 6 7 35 280;8 (1 2 3 4 5 6 8 20)
21/10;5: 1 2 3 4 60;5 (1 2 3 6 10)
21/11;5: 1 2 3 14 231;5 (1 2 3 22 33)
21/13;4: 1 2 9 234;4 (1 2 13 26)
21/16;3: 1 4 16;3 (1 4 16)
21/17;4: 1 5 34 170;4 (1 6 17 102)
21/19;3: 1 10 190;3 (1 10 190)
21/20;2: 1 20;2 (1 20)
21/22;4: 2 3 9 99;4 (2 3 11 33)
21/23;5: 2 3 14 231 253;5 (2 3 23 46 69)
21/25;3: 2 3 150;3 (2 3 150)
21/26;4: 2 4 20 130;4 (2 4 26 52)
21/29;4: 2 5 58 145;4 (2 5 58 145)
21/31;3: 2 6 93;3 (2 6 93)
21/32;4: 2 7 96 336;3 (2 8 32)
21/34;3: 2 9 153;3 (2 9 153)
21/37;4: 2 18 111 333;3 (2 15 1110)
21/38;2: 2 19;2 (2 19)
21/40;2: 2 40;2 (2 40)
21/41;2: 2 82;2 (2 82)
21/43;5: 3 7 168 301 344;4 (3 7 86 1806)
21/44;4: 3 8 66 264;3 (3 7 924)
21/46;4: 3 9 138 207;4 (3 10 69 115)
21/47;5: 3 12 47 188 282;3 (3 9 423)
21/50;3: 3 12 300;3 (3 15 50)
22/9;8: 1 2 3 4 5 7 70 252;7 (1 2 3 4 6 9 12)
22/13;4: 1 2 6 39;4 (1 2 6 39)
22/15;4: 1 3 8 120;4 (1 5 6 10)
22/17;4: 1 4 28 119;4 (1 4 34 68)
22/19;4: 1 7 91 247;4 (1 8 38 152)
22/21;2: 1 21;2 (1 21)
22/23;5: 2 3 9 138 207;5 (2 3 10 69 115)
22/25;4: 2 3 24 200;4 (2 5 6 75)
22/27;4: 2 4 18 108;4 (2 6 9 27)
22/29;3: 2 4 116;3 (2 4 116)
22/31;4: 2 5 155 310;4 (2 6 31 93)
22/35;3: 2 8 280;3 (2 10 35)
22/37;4: 2 12 148 222;4 (3 4 148 222)
22/39;3: 2 18 117;3 (2 26 39)
22/41;4: 2 36 164 369;3 (2 41 82)
22/43;2: 2 86;2 (2 86)
22/45;4: 3 7 105 315;3 (3 10 18)
22/47;4: 3 8 141 376;4 (3 8 141 376)
22/49;5: 3 10 140 196 294;4 (4 7 28 49)
23/8;12: 1 2 3 4 5 6 7 8 9 27 189 270;11 (1 2 3 4 5 6 8 10 12 15 20)
23/9;8: 1 2 3 4 5 6 10 180;8 (1 2 3 4 5 6 18 20)
23/10;6: 1 2 3 4 5 60;6 (1 2 3 5 6 10)
23/11;5: 1 2 3 4 132;5 (1 2 3 6 11)
23/12;4: 1 2 3 12;4 (1 2 4 6)
23/13;4: 1 2 4 52;4 (1 2 4 52)
23/14;3: 1 2 7;3 (1 2 7)
23/15;3: 1 2 30;3 (1 3 5)
23/16;4: 1 3 10 240;4 (1 4 8 16)
23/17;3: 1 3 51;3 (1 3 51)
23/18;3: 1 4 36;3 (1 6 9)
23/19;3: 1 5 95;3 (1 5 95)
23/20;3: 1 7 140;3 (1 12 15)
23/21;3: 1 11 231;3 (1 15 35)
23/22;2: 1 22;2 (1 22)
23/24;3: 2 3 8;3 (2 3 8)
23/25;4: 2 3 12 300;4 (2 3 15 50)
23/26;4: 2 3 21 273;4 (2 3 26 78)
23/27;3: 2 3 54;3 (2 3 54)
23/28;3: 2 4 14;3 (2 4 14)
23/29;4: 2 4 29 116;4 (2 4 29 116)
23/30;3: 2 4 60;3 (2 6 10)
23/31;5: 2 5 30 186 310;4 (2 5 24 3720)
23/32;4: 2 5 64 320;4 (2 8 16 32)
23/33;3: 2 6 33;3 (2 6 33)
23/34;3: 2 6 102;3 (2 6 102)
23/35;3: 2 7 70;3 (2 7 70)
23/36;3: 2 8 72;3 (3 4 18)
23/37;5: 2 10 74 185 370;4 (2 9 111 666)
23/38;3: 2 10 190;3 (2 10 190)
23/39;3: 2 12 156;3 (2 13 78)
23/40;3: 2 14 280;3 (4 5 8)
23/41;4: 2 20 164 205;4 (2 20 164 205)
23/42;2: 2 21;2 (2 21)
23/43;4: 2 42 129 301;3 (2 43 86)
23/44;2: 2 44;2 (2 44)
23/45;2: 2 90;2 (2 90)
23/47;5: 3 8 47 141 376;4 (3 10 18 2115)
23/48;3: 3 7 336;3 (4 6 16)
23/49;4: 3 8 168 196;4 (4 7 14 196)
23/50;4: 3 9 90 225;3 (4 5 100)
24/11;6: 1 2 3 4 11 132;6 (1 2 3 4 12 66)
24/13;4: 1 2 3 78;4 (1 2 3 78)
24/17;5: 1 3 14 231 374;4 (1 3 17 51)
24/19;3: 1 4 76;3 (1 4 76)
24/23;2: 1 23;2 (1 23)
24/25;5: 2 3 9 90 225;4 (2 4 5 100)
24/29;6: 2 4 16 144 232 261;4 (2 4 13 1508)
24/31;4: 2 4 62 124;4 (2 4 62 124)
24/35;4: 2 6 63 315;4 (2 10 20 28)
24/37;5: 2 8 72 148 333;4 (2 7 259 518)
24/41;6: 2 14 205 280 360 369;3 (3 4 492)
24/43;5: 2 24 129 172 344;3 (2 18 387)
24/47;2: 2 94;2 (2 94)
24/49;4: 3 7 98 294;4 (3 7 105 245)
25/9;11: 1 2 3 4 5 6 7 8 20 140 360;10 (1 2 3 4 5 6 9 10 15 20)
25/11;6: 1 2 3 4 6 44;6 (1 2 3 4 6 44)
25/12;4: 1 2 3 4;4 (1 2 3 4)
25/13;5: 1 2 3 12 156;5 (1 2 3 13 78)
25/14;4: 1 2 4 28;4 (1 2 4 28)
25/16;3: 1 2 16;3 (1 2 16)
25/17;5: 1 3 8 120 255;5 (1 3 15 17 85)
25/18;3: 1 3 18;3 (1 3 18)
25/19;4: 1 4 16 304;4 (1 4 19 76)
25/21;3: 1 6 42;3 (1 7 21)
25/22;3: 1 8 88;3 (1 11 22)
25/23;3: 1 12 276;3 (1 12 276)
25/24;2: 1 24;2 (1 24)
25/26;4: 2 3 8 312;4 (2 3 8 312)
25/27;4: 2 3 12 108;4 (2 3 18 27)
25/28;4: 2 3 18 252;3 (2 4 7)
25/29;4: 2 3 42 203;4 (2 3 58 87)
25/31;4: 2 4 20 155;4 (2 5 10 155)
25/32;3: 2 4 32;3 (2 4 32)
25/33;3: 2 4 132;3 (2 6 11)
25/34;4: 2 5 34 170;4 (2 6 17 102)
25/36;3: 2 6 36;3 (3 4 9)
25/37;3: 2 6 111;3 (2 6 111)
25/38;4: 2 7 91 247;4 (2 8 38 152)
25/39;4: 2 8 78 312;4 (2 13 26 39)
25/41;5: 2 12 82 123 164;4 (3 4 41 492)
25/42;3: 2 11 231;3 (2 15 35)
25/43;9: 2 18 172 252 258 301 315 344 360;4 (2 18 43 387)
25/44;3: 2 16 176;3 (2 22 44)
25/46;2: 2 23;2 (2 23)
25/47;4: 2 40 235 376;3 (2 47 94)
25/48;2: 2 48;2 (2 48)
25/49;2: 2 98;2 (2 98)
26/9;12: 1 2 3 4 5 6 7 8 9 20 140 360;11 (1 2 3 4 5 6 7 9 10 12 630)
26/11;8: 1 2 3 4 5 15 100 275;7 (1 2 3 4 6 12 33)
26/15;4: 1 2 5 30;4 (1 2 6 15)
26/17;3: 1 2 34;3 (1 2 34)
26/19;4: 1 3 33 209;4 (1 3 38 114)
26/21;4: 1 5 30 210;3 (1 6 14)
26/23;3: 1 8 184;3 (1 8 184)
26/25;2: 1 25;2 (1 25)
26/27;4: 2 3 8 216;4 (2 3 9 54)
26/29;6: 2 3 20 145 290 348;4 (2 3 16 1392)
26/31;3: 2 3 186;3 (2 3 186)
26/33;4: 2 4 30 220;4 (2 6 11 33)
26/35;4: 2 5 25 350;3 (2 7 10)
26/37;3: 2 5 370;3 (2 5 370)
26/41;4: 2 8 164 328;4 (2 8 164 328)
26/43;3: 2 10 215;3 (2 10 215)
26/45;4: 2 14 280 360;3 (2 20 36)
26/47;5: 2 24 188 282 376;3 (2 19 1786)
26/49;3: 2 42 147;3 (2 49 98)
27/10;9: 1 2 3 4 5 6 7 10 140;9 (1 2 3 4 5 6 10 12 15)
27/11;7: 1 2 3 4 5 6 220;7 (1 2 3 4 5 6 220)
27/13;6: 1 2 3 5 26 195;5 (1 2 3 6 13)
27/14;5: 1 2 3 11 231;5 (1 2 4 7 28)
27/16;4: 1 2 6 48;4 (1 2 8 16)
27/17;4: 1 2 12 204;4 (1 2 17 34)
27/19;4: 1 3 12 228;4 (1 4 6 228)
27/20;3: 1 3 60;3 (1 4 10)
27/22;4: 1 5 44 220;4 (1 6 22 66)
27/23;3: 1 6 138;3 (1 6 138)
27/25;3: 1 13 325;3 (1 15 75)
27/26;2: 1 26;2 (1 26)
27/28;4: 2 3 8 168;4 (2 4 7 14)
27/29;5: 2 3 12 87 348;5 (2 4 6 116 174)
27/31;4: 2 3 31 186;4 (2 3 31 186)
27/32;3: 2 3 96;3 (2 3 96)
27/34;4: 2 4 28 119;4 (2 4 34 68)
27/35;4: 2 4 55 308;3 (2 5 14)
27/37;4: 2 5 37 370;4 (2 5 37 370)
27/38;3: 2 5 95;3 (2 5 95)
27/40;3: 2 6 120;3 (2 8 20)
27/41;4: 2 7 82 287;4 (2 7 82 287)
27/43;3: 2 8 344;3 (2 8 344)
27/44;4: 2 10 100 275;3 (3 4 33)
27/46;3: 2 12 276;3 (3 4 276)
27/47;3: 2 14 329;3 (2 14 329)
27/49;3: 2 21 294;3 (2 21 294)
27/50;2: 2 25;2 (2 25)
28/11;8: 1 2 3 4 5 6 11 220;8 (1 2 3 4 5 6 20 22)
28/13;6: 1 2 3 4 15 260;6 (1 2 3 6 7 91)
28/15;4: 1 2 3 30;4 (1 2 5 6)
28/17;4: 1 2 7 238;4 (1 2 7 238)
28/19;5: 1 3 8 114 152;5 (1 4 5 76 95)
28/23;4: 1 5 69 345;4 (1 6 23 138)
28/25;4: 1 9 175 315;3 (1 10 50)
28/27;2: 1 27;2 (1 27)
28/29;5: 2 3 8 232 348;5 (2 4 5 116 145)
28/31;4: 2 3 15 310;4 (2 3 15 310)
28/33;3: 2 3 66;3 (2 3 66)
28/37;3: 2 4 148;3 (2 4 148)
28/39;4: 2 5 70 273;4 (2 6 26 78)
28/41;4: 2 6 82 246;4 (2 6 82 246)
28/43;4: 2 8 43 344;4 (2 8 43 344)
28/45;3: 2 9 90;3 (2 15 18)
28/47;4: 2 12 141 188;4 (3 4 141 188)
29/10;12: 1 2 3 4 5 6 7 8 9 18 80 336;12 (1 2 3 4 5 6 7 12 14 15 20 28)
29/11;10: 1 2 3 4 5 6 7 28 210 330;9 (1 2 3 4 5 6 11 20 22)
29/12;7: 1 2 3 4 5 8 120;7 (1 2 3 4 6 10 15)
29/13;7: 1 2 3 4 8 52 312;7 (1 2 3 4 12 26 39)
29/14;6: 1 2 3 5 30 210;5 (1 2 3 6 14)
29/15;4: 1 2 3 10;4 (1 2 3 10)
29/16;4: 1 2 4 16;4 (1 2 4 16)
29/17;4: 1 2 5 170;4 (1 2 5 170)
29/18;3: 1 2 9;3 (1 2 9)
29/19;3: 1 2 38;3 (1 2 38)
29/20;4: 1 3 9 180;3 (1 4 5)
29/21;3: 1 3 21;3 (1 3 21)
29/22;4: 1 4 16 176;4 (1 4 22 44)
29/23;3: 1 4 92;3 (1 4 92)
29/24;3: 1 5 120;3 (1 8 12)
29/25;4: 1 7 70 350;4 (1 10 25 50)
29/26;3: 1 9 234;3 (1 13 26)
29/27;3: 1 15 135;3 (1 18 54)
29/28;2: 1 28;2 (1 28)
29/30;4: 2 3 8 120;4 (2 5 6 10)
29/31;5: 2 3 12 62 372;4 (2 3 10 465)
29/32;4: 2 3 15 160;4 (2 4 8 32)
29/33;3: 2 3 22;3 (2 3 22)
29/34;3: 2 3 51;3 (2 3 51)
29/35;4: 2 4 14 140;4 (2 5 10 35)
29/36;3: 2 4 18;3 (2 4 18)
29/37;4: 2 4 37 148;4 (2 4 37 148)
29/38;3: 2 4 76;3 (2 4 76)
29/39;4: 2 5 26 195;3 (2 6 13)
29/40;3: 2 5 40;3 (2 8 10)
29/41;6: 2 6 36 164 246 369;4 (2 5 205 410)
29/42;3: 2 6 42;3 (2 7 21)
29/43;3: 2 6 129;3 (2 6 129)
29/44;4: 2 7 77 308;4 (3 4 22 33)
29/45;4: 2 8 60 360;3 (3 5 9)
29/46;3: 2 8 184;3 (2 8 184)
29/47;5: 2 12 47 141 188;4 (2 9 282 423)
29/48;3: 2 10 240;3 (3 4 48)
29/49;4: 2 12 196 294;3 (2 14 49)
29/50;3: 2 13 325;3 (2 15 75)
30/11;11: 1 2 3 4 5 6 7 10 42 132 330;10 (1 2 3 4 5 6 10 11 12 330)
30/13;7: 1 2 3 4 5 52 195;7 (1 2 3 4 6 26 52)
30/17;4: 1 2 4 68;4 (1 2 4 68)
30/19;4: 1 2 14 133;4 (1 2 19 38)
30/23;4: 1 4 20 230;4 (1 4 23 92)
30/29;2: 1 29;2 (1 29)
30/31;5: 2 3 8 186 248;5 (2 3 8 186 248)
30/37;6: 2 4 20 259 280 296;4 (2 6 7 777)
30/41;6: 2 5 60 164 205 246;5 (2 5 41 205 410)
30/43;5: 2 6 42 258 301;4 (2 6 43 129)
30/47;4: 2 8 94 376;4 (2 8 94 376)
30/49;4: 2 10 140 196;3 (2 9 882)
31/11;12: 1 2 3 4 5 6 7 10 11 42 132 330;10 (1 2 3 4 5 6 7 8 10 3080)
31/12;8: 1 2 3 4 5 6 8 120;8 (1 2 3 4 5 6 12 20)
31/13;8: 1 2 3 4 5 12 70 273;7 (1 2 3 4 6 8 104)
31/14;6: 1 2 3 4 8 168;6 (1 2 3 6 7 14)
31/15;5: 1 2 3 5 30;5 (1 2 3 6 15)
31/16;5: 1 2 3 10 240;5 (1 2 4 8 16)
31/17;6: 1 2 4 15 255 340;5 (1 2 4 17 68)
31/18;4: 1 2 5 45;4 (1 2 6 18)
31/19;4: 1 2 8 152;4 (1 2 8 152)
31/20;3: 1 2 20;3 (1 2 20)
31/21;3: 1 3 7;3 (1 3 7)
31/22;4: 1 3 14 231;4 (1 3 22 33)
31/23;3: 1 3 69;3 (1 3 69)
31/24;3: 1 4 24;3 (1 6 8)
31/25;3: 1 5 25;3 (1 5 25)
31/26;3: 1 6 39;3 (1 6 39)
31/27;3: 1 7 189;3 (1 9 27)
31/28;3: 1 10 140;3 (1 14 28)
31/29;5: 1 20 116 145 290;3 (1 15 435)
31/30;2: 1 30;2 (1 30)
31/32;4: 2 3 8 96;4 (2 3 8 96)
31/33;4: 2 3 10 165;4 (2 4 6 44)
31/34;5: 2 3 14 231 374;4 (2 3 17 51)
31/35;4: 2 3 21 210;4 (2 4 10 28)
31/36;3: 2 3 36;3 (2 4 9)
31/37;3: 2 3 222;3 (2 3 222)
31/38;4: 2 4 16 304;4 (2 4 19 76)
31/39;4: 2 4 24 312;4 (2 4 39 52)
31/40;3: 2 4 40;3 (2 4 40)
31/41;3: 2 4 164;3 (2 4 164)
31/42;4: 2 5 30 210;3 (2 6 14)
31/43;6: 2 5 120 172 258 344;4 (2 5 50 1075)
31/44;3: 2 5 220;3 (2 5 220)
31/45;3: 2 6 45;3 (2 6 45)
31/46;3: 2 6 138;3 (2 6 138)
31/47;5: 2 7 140 188 235;4 (2 8 29 10904)
31/48;3: 2 7 336;3 (3 4 16)
31/49;4: 2 8 245 280;4 (2 10 35 245)
31/50;4: 2 9 175 315;3 (2 10 50)
32/11;13: 1 2 3 4 5 6 7 10 11 12 30 176 336;11 (1 2 3 4 5 6 7 8 10 11 3080)
32/13;8: 1 2 3 4 5 6 120 312;8 (1 2 3 4 6 8 13 104)
32/15;5: 1 2 3 4 20;5 (1 2 3 5 10)
32/17;5: 1 2 3 24 136;5 (1 2 3 34 51)
32/19;4: 1 2 6 57;4 (1 2 6 57)
32/21;3: 1 2 42;3 (1 2 42)
32/23;5: 1 3 20 230 276;4 (1 3 23 69)
32/25;4: 1 4 40 200;4 (1 5 15 75)
32/27;3: 1 6 54;3 (1 6 54)
32/29;3: 1 10 290;3 (1 10 290)
32/31;2: 1 31;2 (1 31)
32/33;4: 2 3 8 88;4 (2 3 11 22)
32/35;4: 2 3 14 105;4 (2 5 7 14)
32/37;4: 2 3 37 222;4 (2 3 37 222)
32/39;4: 2 4 15 260;4 (2 6 7 91)
32/41;4: 2 4 36 369;4 (2 4 41 164)
32/43;6: 2 5 40 86 215 344;4 (2 6 13 1677)
32/45;3: 2 5 90;3 (2 9 10)
32/47;4: 2 6 94 282;4 (2 6 94 282)
32/49;3: 2 7 98;3 (2 7 98)
33/13;8: 1 2 3 4 5 6 12 195;8 (1 2 3 4 5 6 20 26)
33/14;7: 1 2 3 4 5 15 140;7 (1 2 3 4 7 12 21)
33/16;6: 1 2 3 5 40 240;5 (1 2 3 6 16)
33/17;6: 1 2 3 10 204 340;6 (1 2 3 17 34 51)
33/19;5: 1 2 5 30 285;5 (1 2 6 19 57)
33/20;4: 1 2 7 140;4 (1 3 4 15)
33/23;5: 1 3 11 161 231;4 (1 3 10 690)
33/25;4: 1 4 15 300;4 (1 5 10 50)
33/26;3: 1 4 52;3 (1 4 52)
33/28;3: 1 6 84;3 (1 7 28)
33/29;4: 1 8 116 232;4 (1 8 116 232)
33/31;4: 1 18 186 279;3 (1 16 496)
33/32;2: 1 32;2 (1 32)
33/34;5: 2 3 8 120 255;5 (2 3 9 51 153)
33/35;4: 2 3 10 105;4 (2 5 7 10)
33/37;4: 2 3 18 333;4 (2 3 18 333)
33/38;4: 2 3 33 209;4 (2 3 38 114)
33/40;4: 2 4 14 280;3 (2 5 8)
33/41;4: 2 4 20 205;4 (2 5 10 205)
33/43;4: 2 4 86 172;4 (2 4 86 172)
33/46;4: 2 5 69 345;4 (2 6 23 138)
33/47;6: 2 6 42 168 329 376;3 (2 5 470)
33/49;3: 2 6 147;3 (2 6 147)
33/50;4: 2 7 70 350;4 (2 10 25 50)
34/13;9: 1 2 3 4 5 6 7 65 140;9 (1 2 3 4 5 6 13 20 26)
34/15;6: 1 2 3 4 6 60;6 (1 2 3 5 6 15)
34/19;5: 1 2 4 28 266;5 (1 2 4 38 76)
34/21;4: 1 2 9 126;4 (1 2 14 21)
34/23;5: 1 3 8 69 184;4 (1 3 7 483)
34/25;4: 1 3 42 350;4 (1 4 10 100)
34/27;3: 1 4 108;3 (1 4 108)
34/29;3: 1 6 174;3 (1 6 174)
34/31;4: 1 12 93 372;4 (1 12 124 186)
34/33;2: 1 33;2 (1 33)
34/35;5: 2 3 8 105 280;4 (2 3 14 15)
34/37;7: 2 3 14 222 280 296 370;4 (2 4 6 444)
34/39;3: 2 3 26;3 (2 3 26)
34/41;7: 2 4 15 246 328 360 369;5 (2 5 10 41 205)
34/43;5: 2 4 43 86 172;5 (2 4 43 86 172)
34/45;3: 2 4 180;3 (2 5 18)
34/47;6: 2 5 120 141 188 376;4 (2 5 47 470)
34/49;4: 2 6 42 294;4 (2 7 21 294)
35/12;13: 1 2 3 4 5 6 7 8 9 14 105 252 360;12 (1 2 3 4 5 6 9 10 12 15 18 20)
35/13;10: 1 2 3 4 5 6 7 12 91 195;10 (1 2 3 4 5 6 12 13 15 65)
35/16;6: 1 2 3 4 10 240;6 (1 2 3 6 8 16)
35/17;6: 1 2 3 5 45 306;5 (1 2 3 6 17)
35/18;4: 1 2 3 9;4 (1 2 3 9)
35/19;4: 1 2 3 114;4 (1 2 3 114)
35/22;3: 1 2 11;3 (1 2 11)
35/23;3: 1 2 46;3 (1 2 46)
35/24;3: 1 3 8;3 (1 3 8)
35/26;3: 1 3 78;3 (1 3 78)
35/27;4: 1 4 24 216;4 (1 6 9 54)
35/29;3: 1 5 145;3 (1 5 145)
35/31;3: 1 8 248;3 (1 8 248)
35/32;3: 1 11 352;3 (1 16 32)
35/33;3: 1 18 198;3 (1 22 66)
35/34;2: 1 34;2 (1 34)
35/36;4: 2 3 8 72;4 (2 4 6 18)
35/37;6: 2 3 10 185 222 370;4 (2 3 9 666)
35/38;4: 2 3 12 228;4 (2 4 6 228)
35/39;4: 2 3 18 117;4 (2 3 26 39)
35/41;4: 2 3 82 123;4 (2 3 82 123)
35/43;6: 2 4 24 86 129 344;4 (2 4 16 688)
35/44;3: 2 4 22;3 (2 4 22)
35/46;3: 2 4 92;3 (2 4 92)
35/47;5: 2 5 30 141 235;5 (2 6 15 141 235)
35/48;4: 2 5 40 240;3 (2 6 16)
36/13;11: 1 2 3 4 5 6 7 10 20 52 140;10 (1 2 3 4 5 6 7 8 20 728)
36/17;6: 1 2 3 4 34 204;6 (1 2 3 4 51 68)
36/19;5: 1 2 3 18 171;5 (1 2 3 19 114)
36/23;4: 1 2 16 368;4 (1 2 23 46)
36/25;4: 1 3 10 150;4 (1 3 15 25)
36/29;4: 1 5 29 145;4 (1 5 29 145)
36/31;5: 1 7 124 140 310;4 (1 8 31 248)
36/35;2: 1 35;2 (1 35)
36/37;6: 2 3 8 148 222 296;5 (2 3 9 37 666)
36/41;4: 2 3 24 328;4 (2 4 8 328)
36/43;3: 2 3 258;3 (2 3 258)
36/47;4: 2 4 94 188;4 (2 4 94 188)
36/49;5: 2 5 42 147 245;4 (2 7 14 49)
37/13;12: 1 2 3 4 5 6 7 10 13 20 52 140;11 (1 2 3 4 5 6 7 8 13 20 728)
37/14;8: 1 2 3 4 5 6 7 20;8 (1 2 3 4 5 6 7 20)
37/15;7: 1 2 3 4 5 6 60;7 (1 2 3 4 5 10 12)
37/16;7: 1 2 3 4 5 40 240;6 (1 2 3 4 6 16)
37/17;6: 1 2 3 4 12 102;6 (1 2 3 4 12 102)
37/18;5: 1 2 3 5 45;5 (1 2 3 6 18)
37/19;5: 1 2 3 9 342;5 (1 2 3 9 342)
37/20;4: 1 2 3 60;4 (1 2 4 10)
37/21;4: 1 2 4 84;4 (1 2 4 84)
37/22;4: 1 2 6 66;4 (1 2 6 66)
37/23;4: 1 2 10 115;4 (1 2 10 115)
37/24;3: 1 2 24;3 (1 2 24)
37/25;5: 1 3 8 60 200;5 (1 5 6 10 75)
37/26;4: 1 3 12 156;4 (1 3 13 78)
37/27;3: 1 3 27;3 (1 3 27)
37/28;3: 1 4 14;3 (1 4 14)
37/29;4: 1 4 44 319;4 (1 4 58 116)
37/30;3: 1 5 30;3 (1 6 15)
37/31;4: 1 6 62 93;4 (1 6 62 93)
37/32;4: 1 7 96 336;3 (1 8 32)
37/33;3: 1 9 99;3 (1 11 33)
37/34;3: 1 12 204;3 (1 17 34)
37/35;3: 1 20 140;3 (1 30 42)
37/36;2: 1 36;2 (1 36)
37/38;5: 2 3 8 114 152;5 (2 4 5 76 95)
37/39;4: 2 3 9 234;4 (2 3 13 26)
37/40;4: 2 3 12 120;4 (2 5 8 10)
37/41;6: 2 3 18 164 252 287;4 (2 3 15 410)
37/42;3: 2 3 21;3 (2 3 21)
37/43;4: 2 3 42 301;4 (2 3 43 258)
37/44;3: 2 3 132;3 (2 4 11)
37/45;4: 2 4 15 180;4 (2 6 10 18)
37/46;4: 2 4 20 230;4 (2 4 23 92)
37/47;6: 2 4 40 188 235 376;4 (2 4 28 658)
37/48;3: 2 4 48;3 (2 4 48)
37/49;3: 2 4 196;3 (2 4 196)
37/50;3: 2 5 25;3 (2 5 25)
38/13;13: 1 2 3 4 5 6 7 10 13 14 26 28 130;12 (1 2 3 4 5 6 7 8 12 14 20 2184)
38/15;7: 1 2 3 4 5 6 12;7 (1 2 3 4 5 6 12)
38/17;7: 1 2 3 4 7 204 238;7 (1 2 3 4 12 17 102)
38/21;5: 1 2 4 18 252;4 (1 2 6 7)
38/23;5: 1 2 7 161 322;5 (1 2 10 23 115)
38/25;3: 1 2 50;3 (1 2 50)
38/27;4: 1 3 15 135;4 (1 3 18 54)
38/29;5: 1 4 20 145 290;4 (1 6 7 1218)
38/31;4: 1 5 45 279;4 (1 6 18 279)
38/33;4: 1 7 176 336;4 (1 12 22 44)
38/35;4: 1 13 175 325;3 (1 20 28)
38/37;2: 1 37;2 (1 37)
38/39;5: 2 3 8 78 312;5 (2 3 13 26 39)
38/41;5: 2 3 12 164 246;5 (2 4 6 164 246)
38/43;5: 2 3 24 172 344;4 (2 3 20 2580)
38/45;3: 2 3 90;3 (2 3 90)
38/47;6: 2 4 24 94 282 376;5 (2 4 28 47 658)
38/49;4: 2 4 49 196;4 (2 4 49 196)
39/14;11: 1 2 3 4 5 6 7 8 18 105 360;10 (1 2 3 4 5 6 7 10 12 105)
39/16;8: 1 2 3 4 5 7 120 336;7 (1 2 3 4 6 8 16)
39/17;7: 1 2 3 4 5 170 204;7 (1 2 3 4 6 34 68)
39/19;7: 1 2 3 5 90 190 342;5 (1 2 3 6 19)
39/20;5: 1 2 3 9 180;4 (1 2 4 5)
39/22;4: 1 2 4 44;4 (1 2 4 44)
39/23;5: 1 2 6 39 299;5 (1 2 6 46 138)
39/25;4: 1 2 18 225;4 (1 2 25 50)
39/28;4: 1 3 18 252;3 (1 4 7)
39/29;3: 1 3 87;3 (1 3 87)
39/31;3: 1 4 124;3 (1 4 124)
39/32;4: 1 5 64 320;4 (1 8 16 32)
39/34;3: 1 7 238;3 (1 7 238)
39/35;3: 1 9 315;3 (1 15 21)
39/37;4: 1 24 111 296;3 (1 19 703)
39/38;2: 1 38;2 (1 38)
39/40;4: 2 3 8 60;4 (2 4 8 10)
39/41;5: 2 3 9 246 369;4 (2 4 5 820)
39/43;7: 2 3 18 129 215 344 360;5 (2 3 15 215 430)
39/44;4: 2 3 20 330;4 (2 4 11 22)
39/46;3: 2 3 69;3 (2 3 69)
39/47;5: 2 4 14 188 329;5 (2 4 14 188 329)
39/49;4: 2 4 28 98;4 (2 4 28 98)
39/50;4: 2 4 40 200;4 (2 6 10 75)
40/17;7: 1 2 3 4 5 15 340;7 (1 2 3 4 6 12 51)
40/19;6: 1 2 3 4 57 228;6 (1 2 3 4 76 114)
40/21;4: 1 2 3 14;4 (1 2 3 14)
40/23;6: 1 2 5 35 161 230;5 (1 2 6 14 966)
40/27;4: 1 3 7 189;4 (1 3 9 27)
40/29;4: 1 3 24 232;4 (1 3 29 87)
40/31;4: 1 4 28 217;4 (1 4 31 124)
40/33;4: 1 5 110 330;3 (1 6 22)
40/37;5: 1 14 280 296 370;4 (1 15 111 185)
40/39;2: 1 39;2 (1 39)
40/41;6: 2 3 8 120 205 246;5 (2 4 5 41 820)
40/43;5: 2 3 12 129 172;5 (2 4 6 129 172)
40/47;4: 2 3 94 141;4 (2 3 94 141)
40/49;5: 2 4 18 147 252;4 (2 6 7 147)
41/14;13: 1 2 3 4 5 6 7 8 9 12 105 252 360;12 (1 2 3 4 5 6 7 10 14 15 20 21)
41/15;10: 1 2 3 4 5 6 7 8 80 336;10 (1 2 3 4 5 6 10 12 15 30)
41/16;8: 1 2 3 4 5 6 10 80;8 (1 2 3 4 5 6 16 20)
41/17;9: 1 2 3 4 5 10 51 170 340;8 (1 2 3 4 6 12 17 51)
41/18;6: 1 2 3 4 6 36;6 (1 2 3 4 9 12)
41/19;7: 1 2 3 4 15 228 285;7 (1 2 3 4 19 76 114)
41/20;5: 1 2 3 5 60;5 (1 2 4 5 10)
41/21;5: 1 2 3 9 126;5 (1 2 3 14 21)
41/22;4: 1 2 3 33;4 (1 2 3 33)
41/23;5: 1 2 4 36 207;5 (1 2 4 46 92)
41/24;4: 1 2 5 120;4 (1 3 4 8)
41/25;5: 1 2 8 88 275;4 (1 2 10 25)
41/26;3: 1 2 13;3 (1 2 13)
41/27;3: 1 2 54;3 (1 2 54)
41/28;4: 1 3 8 168;4 (1 4 7 14)
41/29;7: 1 3 16 144 232 261 348;5 (1 4 8 29 232)
41/30;3: 1 3 30;3 (1 5 6)
41/31;5: 1 4 15 310 372;4 (1 4 14 868)
41/32;3: 1 4 32;3 (1 4 32)
41/33;4: 1 5 30 110;4 (1 6 22 33)
41/34;3: 1 5 170;3 (1 5 170)
41/35;3: 1 6 210;3 (1 10 14)
41/36;3: 1 8 72;3 (1 12 18)
41/37;4: 1 10 185 370;4 (1 10 185 370)
41/38;3: 1 14 133;3 (1 19 38)
41/39;3: 1 21 273;3 (1 26 78)
41/40;2: 1 40;2 (1 40)
41/42;3: 2 3 7;3 (2 3 7)
41/43;6: 2 3 10 86 215 258;5 (2 4 5 516 645)
41/44;4: 2 3 11 132;4 (2 4 6 66)
41/45;5: 2 3 14 280 360;4 (2 5 9 10)
41/46;5: 2 3 20 230 276;4 (2 3 23 69)
41/47;5: 2 3 47 94 141;4 (2 3 26 1833)
41/48;3: 2 3 48;3 (2 3 48)
41/49;3: 2 3 294;3 (2 3 294)
41/50;4: 2 4 15 300;4 (2 5 10 50)
42/17;8: 1 2 3 4 5 6 60 255;8 (1 2 3 4 5 10 12 255)
42/19;7: 1 2 3 4 9 76 342;6 (1 2 3 5 6 95)
42/23;6: 1 2 4 16 92 368;5 (1 2 5 8 920)
42/25;4: 1 2 6 75;4 (1 2 6 75)
42/29;4: 1 3 9 261;4 (1 3 9 261)
42/31;4: 1 3 62 186;4 (1 3 62 186)
42/37;4: 1 8 148 296;4 (1 8 148 296)
42/41;2: 1 41;2 (1 41)
42/43;6: 2 3 8 86 258 344;4 (2 3 7 1806)
42/47;6: 2 3 24 94 188 376;4 (2 4 7 1316)
43/15;12: 1 2 3 4 5 6 7 8 9 32 288 336;11 (1 2 3 4 5 6 9 10 12 15 18)
43/16;10: 1 2 3 4 5 6 7 12 120 336;9 (1 2 3 4 5 6 8 16 20)
43/17;9: 1 2 3 4 5 6 15 102 340;8 (1 2 3 4 5 6 20 34)
43/18;7: 1 2 3 4 5 10 180;7 (1 2 3 4 6 12 18)
43/19;6: 1 2 3 4 6 76;6 (1 2 3 4 6 76)
43/20;5: 1 2 3 4 15;5 (1 2 3 4 15)
43/21;5: 1 2 3 5 70;5 (1 2 3 7 14)
43/22;5: 1 2 3 9 99;5 (1 2 3 11 33)
43/23;5: 1 2 3 30 345;5 (1 2 3 46 69)
43/24;4: 1 2 4 24;4 (1 2 6 8)
43/25;4: 1 2 5 50;4 (1 2 5 50)
43/26;4: 1 2 7 91;4 (1 2 7 91)
43/27;4: 1 2 12 108;4 (1 2 18 27)
43/28;3: 1 2 28;3 (1 2 28)
43/29;6: 1 3 8 58 232 348;5 (1 3 9 29 261)
43/30;3: 1 3 10;3 (1 3 10)
43/31;5: 1 3 22 186 341;5 (1 3 31 62 186)
43/32;3: 1 3 96;3 (1 3 96)
43/33;4: 1 4 20 330;4 (1 6 11 22)
43/34;3: 1 4 68;3 (1 4 68)
43/35;3: 1 5 35;3 (1 5 35)
43/36;3: 1 6 36;3 (1 9 12)
43/37;5: 1 7 140 148 185;4 (1 8 27 7992)
43/38;3: 1 8 152;3 (1 8 152)
43/39;5: 1 11 195 286 330;3 (1 13 39)
43/40;3: 1 14 280;3 (1 24 30)
43/41;4: 1 24 246 328;3 (1 21 861)
43/42;2: 1 42;2 (1 42)
43/44;5: 2 3 8 66 264;4 (2 3 7 924)
43/45;4: 2 3 9 90;4 (2 3 15 18)
43/46;5: 2 3 11 161 231;4 (2 3 10 690)
43/47;5: 2 3 14 141 329;5 (2 3 15 94 235)
43/48;3: 2 3 16;3 (2 3 16)
43/49;5: 2 3 28 196 294;4 (2 3 42 49)
43/50;4: 2 3 42 350;4 (2 4 10 100)
44/15;12: 1 2 3 4 5 6 7 8 9 12 56 315;12 (1 2 3 4 5 6 8 9 12 15 18 24)
44/17;9: 1 2 3 4 5 6 8 120 204;9 (1 2 3 4 5 6 17 20 34)
44/19;8: 1 2 3 4 5 40 240 304;7 (1 2 3 4 6 19 76)
44/21;5: 1 2 3 4 84;5 (1 2 3 4 84)
44/23;6: 1 2 3 14 231 253;6 (1 2 3 23 46 69)
44/25;4: 1 2 4 100;4 (1 2 4 100)
44/27;4: 1 2 8 216;4 (1 2 9 54)
44/29;3: 1 2 58;3 (1 2 58)
44/31;4: 1 3 12 372;4 (1 4 6 372)
44/35;3: 1 4 140;3 (1 4 140)
44/37;4: 1 6 74 111;4 (1 6 74 111)
44/39;3: 1 8 312;3 (1 8 312)
44/41;6: 1 18 164 246 252 287;3 (1 14 574)
44/43;2: 1 43;2 (1 43)
44/45;5: 2 3 8 60 360;4 (2 5 6 9)
44/47;6: 2 3 12 94 188 282;5 (2 3 10 564 940)
44/49;5: 2 3 18 196 252;4 (2 4 7 196)
45/16;11: 1 2 3 4 5 6 7 8 12 120 336;11 (1 2 3 4 5 6 10 12 15 16 20)
45/17;9: 1 2 3 4 5 6 7 20 238;9 (1 2 3 4 5 6 7 20 238)
45/19;8: 1 2 3 4 5 15 76 190;7 (1 2 3 4 5 12 570)
45/22;6: 1 2 3 5 110 330;5 (1 2 3 6 22)
45/23;6: 1 2 3 9 138 207;6 (1 2 3 10 69 115)
45/26;5: 1 2 5 39 195;5 (1 2 6 26 39)
45/28;4: 1 2 10 140;4 (1 2 14 28)
45/29;5: 1 2 24 174 232;4 (1 2 29 58)
45/31;7: 1 3 10 155 180 279 372;4 (1 4 5 620)
45/32;4: 1 3 15 160;4 (1 4 8 32)
45/34;5: 1 4 15 255 340;4 (1 4 17 68)
45/37;4: 1 5 74 370;4 (1 5 74 370)
45/38;3: 1 6 57;3 (1 6 57)
45/41;4: 1 12 123 164;4 (1 12 123 164)
45/43;5: 1 42 86 129 301;3 (1 22 946)
45/44;2: 1 44;2 (1 44)
45/46;5: 2 3 8 69 184;4 (2 3 7 483)
45/47;7: 2 3 12 47 94 188 282;5 (2 3 9 94 423)
45/49;5: 2 3 14 98 294;4 (2 4 6 588)
46/17;10: 1 2 3 4 5 6 7 10 140 170;10 (1 2 3 4 5 6 10 12 15 170)
46/19;8: 1 2 3 4 5 8 120 228;8 (1 2 3 4 6 8 24 228)
46/21;6: 1 2 3 4 10 140;6 (1 2 3 6 7 21)
46/25;4: 1 2 3 150;4 (1 2 3 150)
46/27;4: 1 2 5 270;4 (1 2 6 27)
46/29;4: 1 2 12 348;4 (1 3 4 348)
46/31;6: 1 3 8 62 186 248;5 (1 3 7 186 434)
46/33;4: 1 3 18 198;4 (1 3 22 66)
46/35;5: 1 4 18 168 360;4 (1 7 10 14)
46/37;5: 1 5 30 185 222;4 (1 7 10 2590)
46/39;3: 1 6 78;3 (1 6 78)
46/41;4: 1 9 123 369;4 (1 9 123 369)
46/43;6: 1 24 86 129 172 344;4 (1 18 86 387)
46/45;2: 1 45;2 (1 45)
46/47;6: 2 3 8 94 141 376;5 (2 3 7 658 987)
46/49;5: 2 3 12 84 98;5 (2 4 7 28 98)
47/16;12: 1 2 3 4 5 6 7 8 10 12 30 336;12 (1 2 3 4 5 6 8 10 12 15 16 20)
47/17;11: 1 2 3 4 5 6 7 10 17 140 170;10 (1 2 3 4 5 6 7 10 14 2380)
47/18;9: 1 2 3 4 5 6 7 70 252;8 (1 2 3 4 5 6 9 20)
47/19;9: 1 2 3 4 5 6 60 255 323;8 (1 2 3 4 5 6 76 95)
47/20;6: 1 2 3 4 5 15;6 (1 2 3 4 6 10)
47/21;6: 1 2 3 4 7 84;6 (1 2 3 4 12 14)
47/22;6: 1 2 3 4 20 330;6 (1 2 3 6 11 22)
47/23;6: 1 2 3 5 138 345;5 (1 2 3 6 23)
47/24;4: 1 2 3 8;4 (1 2 3 8)
47/25;5: 1 2 3 24 200;5 (1 2 5 6 75)
47/26;5: 1 2 4 20 130;5 (1 2 4 26 52)
47/27;5: 1 2 5 27 270;5 (1 2 6 18 54)
47/28;4: 1 2 6 84;4 (1 2 7 28)
47/29;5: 1 2 9 174 261;5 (1 2 9 174 261)
47/30;3: 1 2 15;3 (1 2 15)
47/31;3: 1 2 62;3 (1 2 62)
47/32;4: 1 3 8 96;4 (1 3 8 96)
47/33;3: 1 3 11;3 (1 3 11)
47/34;4: 1 3 24 136;4 (1 3 34 51)
47/35;3: 1 3 105;3 (1 5 7)
47/36;3: 1 4 18;3 (1 4 18)
47/37;4: 1 4 74 148;4 (1 4 74 148)
47/38;4: 1 5 30 285;4 (1 6 19 57)
47/39;3: 1 5 195;3 (1 6 26)
47/40;3: 1 6 120;3 (1 8 20)
47/41;3: 1 7 287;3 (1 7 287)
47/42;3: 1 9 126;3 (1 14 21)
47/43;4: 1 12 172 258;3 (1 11 473)
47/44;3: 1 16 176;3 (1 22 44)
47/45;3: 1 24 360;3 (1 36 60)
47/46;2: 1 46;2 (1 46)
47/48;4: 2 3 7 336;4 (2 4 6 16)
47/49;5: 2 3 9 126 147;4 (2 3 8 1176)
47/50;4: 2 3 10 150;4 (2 3 15 25)
48/17;12: 1 2 3 4 5 6 7 10 14 28 51 255;11 (1 2 3 4 5 6 7 10 14 17 2380)
48/19;9: 1 2 3 4 5 6 15 190 228;8 (1 2 3 4 5 6 20 38)
48/23;5: 1 2 3 4 276;5 (1 2 3 4 276)
48/25;5: 1 2 3 12 300;5 (1 2 3 15 50)
48/29;6: 1 2 8 44 232 319;5 (1 2 7 91 754)
48/31;4: 1 2 22 341;4 (1 2 31 62)
48/35;4: 1 3 30 210;4 (1 5 10 14)
48/37;6: 1 4 28 185 315 333;5 (1 4 37 74 148)
48/41;3: 1 6 246;3 (1 6 246)
48/43;4: 1 10 86 215;4 (1 10 86 215)
48/47;2: 1 47;2 (1 47)
48/49;4: 2 3 7 294;4 (2 3 7 294)
49/17;13: 1 2 3 4 5 6 7 10 14 17 28 51 255;12 (1 2 3 4 5 6 8 10 12 15 20 136)
49/18;10: 1 2 3 4 5 6 7 9 70 252;10 (1 2 3 4 5 6 10 15 18 20)
49/19;10: 1 2 3 4 5 6 10 55 133 308;9 (1 2 3 4 5 6 19 20 38)
49/20;6: 1 2 3 4 5 6;6 (1 2 3 4 5 6)
49/22;7: 1 2 3 4 8 66 264;6 (1 2 3 4 7 924)
49/23;6: 1 2 3 4 23 276;6 (1 2 3 6 8 184)
49/24;5: 1 2 3 5 120;5 (1 2 4 6 8)
49/25;6: 1 2 3 9 90 225;5 (1 2 4 5 100)
49/26;5: 1 2 3 21 273;5 (1 2 3 26 78)
49/27;5: 1 2 4 18 108;5 (1 2 6 9 27)
49/29;5: 1 2 6 58 174;5 (1 2 6 58 174)
49/30;4: 1 2 8 120;4 (1 3 5 10)
49/31;5: 1 2 15 93 310;5 (1 2 15 93 310)
49/32;3: 1 2 32;3 (1 2 32)
49/33;5: 1 3 7 176 336;5 (1 4 6 22 44)
49/34;5: 1 3 10 204 340;5 (1 3 17 34 51)
49/36;3: 1 3 36;3 (1 4 9)
49/37;6: 1 4 18 84 259 333;5 (1 4 15 185 444)
49/38;4: 1 4 28 266;4 (1 4 38 76)
49/39;3: 1 4 156;3 (1 4 156)
49/40;3: 1 5 40;3 (1 8 10)
49/41;4: 1 6 41 246;4 (1 6 41 246)
49/43;4: 1 8 86 344;4 (1 8 86 344)
49/44;4: 1 10 100 275;3 (1 12 33)
49/45;3: 1 12 180;3 (1 18 30)
49/46;3: 1 16 368;3 (1 23 46)
49/47;5: 1 40 94 235 376;3 (1 24 1128)
49/48;2: 1 48;2 (1 48)
49/50;5: 2 3 8 60 200;5 (2 5 6 10 75)
50/17;13: 1 2 3 4 5 6 8 10 12 15 16 20 272;13 (1 2 3 4 5 6 8 10 12 15 17 20 136)
50/19;9: 1 2 3 4 5 6 8 20 152;9 (1 2 3 4 5 6 8 20 152)
50/21;7: 1 2 3 4 5 12 70;7 (1 2 3 4 7 12 14)
50/23;6: 1 2 3 4 12 138;6 (1 2 3 4 12 138)
50/27;4: 1 2 3 54;4 (1 2 3 54)
50/29;5: 1 2 5 58 145;5 (1 2 5 58 145)
50/31;6: 1 2 12 62 93 372;4 (1 2 9 558)
50/33;3: 1 2 66;3 (1 2 66)
50/37;4: 1 3 74 222;4 (1 3 74 222)
50/39;4: 1 4 36 234;4 (1 6 13 26)
50/41;5: 1 5 120 123 328;4 (1 6 19 4674)
50/43;6: 1 7 129 168 301 344;4 (1 10 16 3440)
50/47;6: 1 24 94 188 282 376;3 (1 16 752)
50/49;2: 1 49;2 (1 49)
